,Sample_Id,Tumor_Id,Patient_Id,Cancer_Type,Sample_Type,purity,ploidy,samples_per_patient,Overall Survival Status,Overall Survival (Months),MSI Score,TMB_Score,key_1,vc_1,ccf_1,vaf_1,HGVSp_1,spot_1,key_2,vc_2,ccf_2,vaf_2,HGVSp_2,spot_2,key_3,vc_3,ccf_3,vaf_3,HGVSp_3,spot_3,key_4,vc_4,ccf_4,vaf_4,HGVSp_4,spot_4,key_5,vc_5,ccf_5,vaf_5,HGVSp_5,spot_5,tp53_count,tcn,mcn,lcn,seg_length,cn_state,cf,wgd,mutation_count,gene_count,max_vaf,exp_nb_1,exp_nb_2,exp_nb_3,exp_nb_4,exp_nb_5,cn_group,mut_cn_group,chr_comput,chr_affected,chr_loss,chr_gain,chr_cnloh,frac_genome_altered,vc_group_1,vc_group_2,vc_group_3,vc_group_4,vc_group_5
3,P-0027408-T01-IM6_P-0027408-N01-IM6,P-0027408-T01-IM6,P-0027408,Non-Small Cell Lung Cancer,Metastasis,0.308886173805417,1.81106626416854,1.0,LIVING,22.586,0.27,17.6,P-0027408-T01-IM6_17_7578409_CT_TC,Missense_Mutation,0.925,0.168900804289544,p.Arg174Glu,174,,,,,,,,,,,,,,,,,,,,,,,,,1,1.0,1.0,0.0,25260272.0,HETLOSS,0.315620777068039,-1.0,21,19.0,0.19247467438494936,0.9247111383151978,,,,,LOSS,>=1_LOSS,"[12, 11, 3, 0, 0.452]",12,11,3,0,0.452,missense,,,,
6,P-0036909-T01-IM6_P-0036909-N01-IM6,P-0036909-T01-IM6,P-0036909,Non-Small Cell Lung Cancer,Metastasis,0.384642513211955,2.87179339102288,4.0,LIVING,14.137,0.37,3.5,P-0036909-T01-IM6_17_7577121_G_A,Missense_Mutation,0.812,0.31216931216931204,p.Arg273Cys,273,,,,,,,,,,,,,,,,,,,,,,,,,1,2.0,2.0,0.0,18101931.0,LOSS BEFORE,0.32559038898838694,1.0,4,3.0,0.31216931216931215,1.623165934324545,,,,,LOSS,>=1_LOSS,"[22, 18, 4, 2, 0.987]",22,18,4,2,0.987,missense,,,,
9,P-0023546-T01-IM6_P-0023546-N01-IM6,P-0023546-T01-IM6,P-0023546,Prostate Cancer,Primary,0.8619840997124509,3.1152527564415897,2.0,DECEASED,4.8,2.37,3.5,P-0023546-T01-IM6_17_7578442_T_C,Missense_Mutation,0.935,0.845070422535211,p.Tyr163Cys,163,,,,,,,,,,,,,,,,,,,,,,,,,1,3.0,3.0,0.0,25250514.0,CNLOH BEFORE & LOSS,0.832722904810715,1.0,5,5.0,0.8450704225352113,2.8058268281745216,,,,,cnLOH,>=1_cnLOH,"[21, 12, 8, 4, 0.983]",21,12,8,4,0.983,missense,,,,
10,P-0023546-T02-IM6_P-0023546-N01-IM6,P-0023546-T02-IM6,P-0023546,Prostate Cancer,Primary,0.567170622121221,3.1368413664140897,2.0,DECEASED,4.8,0.82,2.6,P-0023546-T02-IM6_17_7578442_T_C,Missense_Mutation,1.0,0.636734693877551,p.Tyr163Cys,163,,,,,,,,,,,,,,,,,,,,,,,,,1,2.0,2.0,0.0,25237780.0,LOSS BEFORE,0.30759079710649295,1.0,4,4.0,0.636734693877551,2.2453020979688967,,,,,LOSS,>=1_LOSS,"[20, 13, 8, 1, 0.989]",20,13,8,1,0.989,missense,,,,
11,P-0025997-T01-IM6_P-0025997-N01-IM6,P-0025997-T01-IM6,P-0025997,Cancer of Unknown Primary,Metastasis,0.8907012584050369,1.63810823602282,1.0,DECEASED,0.0,3.71,7.9,P-0025997-T01-IM6_17_7578471_G_-,Frame_Shift_Del,1.0,0.912621359223301,p.Gly154AlafsTer16,154,,,,,,,,,,,,,,,,,,,,,,,,,1,1.0,1.0,0.0,33703681.0,HETLOSS,0.892744252996404,-1.0,9,9.0,0.912621359223301,1.136598512448411,,,,,LOSS,>=1_LOSS,"[9, 8, 1, 1, 0.489]",9,8,1,1,0.489,truncated,,,,
12,P-0036570-T01-IM6_P-0036570-N01-IM6,P-0036570-T01-IM6,P-0036570,Ovarian Cancer,Primary,0.781074842947935,2.49997083010881,2.0,LIVING,13.610999999999999,1.05,1.8,P-0036570-T01-IM6_17_7578236_A_G,Missense_Mutation,1.0,0.7186046511627909,p.Tyr205His,205,,,,,,,,,,,,,,,,,,,,,,,,,1,1.0,1.0,0.0,37750426.0,HETLOSS,0.792953303916443,-1.0,4,4.0,0.7186046511627907,1.1214357947709972,,,,,LOSS,>=1_LOSS,"[6, 2, 3, 1, 0.31]",6,2,3,1,0.31,missense,,,,
13,P-0036570-T02-IM6_P-0036570-N01-IM6,P-0036570-T02-IM6,P-0036570,Non-Small Cell Lung Cancer,Primary,0.244677444932748,1.7146112590283302,2.0,LIVING,13.610999999999999,0.0,3.5,P-0036570-T02-IM6_17_7577529_A_T,Missense_Mutation,1.0,0.156652360515021,p.Ile251Asn,251,,,,,,,,,,,,,,,,,,,,,,,,,1,1.0,1.0,0.0,18788362.0,HETLOSS,0.249501478234302,-1.0,4,4.0,0.16129032258064516,1.123828237588972,,,,,LOSS,>=1_LOSS,"[14, 8, 7, 1, 0.626]",14,8,7,1,0.626,missense,,,,
15,P-0018241-T01-IM6_P-0018241-N01-IM6,P-0018241-T01-IM6,P-0018241,Colorectal Cancer,Metastasis,0.228251917228146,3.35373770913792,1.0,LIVING,35.54,0.0,5.3,P-0018241-T01-IM6_17_7577568_C_T,Missense_Mutation,1.0,0.23179791976225897,p.Cys238Tyr,238,,,,,,,,,,,,,,,,,,,,,,,,,1,3.0,,,7455100.0,INDETERMINATE,0.11987291372228802,1.0,6,6.0,0.23179791976225855,2.262868874847106,,,,,,,"[20, 15, 5, 1, 0.992]",20,15,5,1,0.992,missense,,,,
16,P-0007600-T01-IM5_P-0007600-N01-IM5,P-0007600-T01-IM5,P-0007600,Colorectal Cancer,Primary,0.282628731002456,1.99803661533443,1.0,DECEASED,31.233,0.14,4.9,P-0007600-T01-IM5_17_7577121_G_A,Missense_Mutation,0.294,0.0484304932735426,p.Arg273Cys,273,,,,,,,,,,,,,,,,,,,,,,,,,1,1.0,1.0,0.0,21375631.0,HETLOSS,0.275408965951351,-1.0,6,5.0,0.14622641509433962,0.2942840856849692,,,,,LOSS,>=1_LOSS,"[2, 1, 1, 0, 0.062]",2,1,1,0,0.062,missense,,,,
19,P-0018837-T01-IM6_P-0018837-N01-IM6,P-0018837-T01-IM6,P-0018837,Colorectal Cancer,Primary,0.342352738588571,3.72719041992232,1.0,LIVING,34.06,0.45,5.3,P-0018837-T01-IM6_17_7578406_C_T,Missense_Mutation,0.743,0.325842696629214,p.Arg175His,175,,,,,,,,,,,,,,,,,,,,,,,,,1,3.0,3.0,0.0,21421499.0,CNLOH BEFORE & LOSS,0.262278075372268,1.0,6,6.0,0.46819787985865724,2.229392222609795,,,,,cnLOH,>=1_cnLOH,"[21, 6, 14, 4, 0.982]",21,6,14,4,0.982,missense,,,,
22,P-0019444-T01-IM6_P-0019444-N01-IM6,P-0019444-T01-IM6,P-0019444,Non-Small Cell Lung Cancer,Primary,0.305843338878229,2.92939796923168,1.0,LIVING,31.068,0.3,36.9,P-0019444-T01-IM6_17_7578461_C_A,Missense_Mutation,0.5529999999999999,0.169001751313485,p.Val157Phe,157,,,,,,,,,,,,,,,,,,,,,,,,,1,2.0,2.0,0.0,15932176.0,LOSS BEFORE,0.18188800381274398,1.0,42,39.0,0.3118477593615715,1.1051524086373694,,,,,LOSS,>=1_LOSS,"[22, 20, 0, 4, 0.995]",22,20,0,4,0.995,missense,,,,
39,P-0019967-T01-IM6_P-0019967-N01-IM6,P-0019967-T01-IM6,P-0019967,Breast Cancer,Metastasis,0.301432457680958,2.43122658420006,2.0,DECEASED,17.129,0.3,3.5,P-0019967-T01-IM6_17_7577538_C_T,Missense_Mutation,0.946,0.285298398835517,p.Arg248Gln,248,,,,,,,,,,,,,,,,,,,,,,,,,1,2.0,2.0,0.0,30916163.0,CNLOH,0.27684603619013204,-1.0,8,8.0,0.2852983988355167,1.892950752751931,,,,,cnLOH,>=1_cnLOH,"[16, 10, 2, 4, 0.641]",16,10,2,4,0.641,missense,,,,
40,P-0019967-T02-IM6_P-0019967-N01-IM6,P-0019967-T02-IM6,P-0019967,Breast Cancer,Metastasis,0.23324607603919503,1.8947949898731202,2.0,DECEASED,17.129,0.07,1.8,P-0019967-T02-IM6_17_7577538_C_T,Missense_Mutation,0.7609999999999999,0.17757009345794397,p.Arg248Gln,248,,,,,,,,,,,,,,,,,,,,,,,,,1,2.0,2.0,0.0,26255732.0,CNLOH,0.186287497763183,-1.0,4,4.0,0.22615803814713897,1.5225987632744125,,,,,cnLOH,>=1_cnLOH,"[20, 10, 3, 7, 0.893]",20,10,3,7,0.893,missense,,,,
42,P-0000285-T01-IM3_P-0000285-N01-IM3,P-0000285-T01-IM3,P-0000285,Thyroid Cancer,Primary,0.739294830902001,1.1045883138885502,1.0,LIVING,60.361999999999995,17.78,23.4,P-0000285-T01-IM3_17_7578475_G_-,Frame_Shift_Del,1.0,0.629385964912281,p.Pro152ArgfsTer18,152,,,,,,,,,,,,,,,,,,,,,,,,,1,1.0,1.0,0.0,47585000.0,HETLOSS,0.7438666189265379,-1.0,21,19.0,0.7157569515962925,1.0732797067640052,,,,,LOSS,>=1_LOSS,"[21, 21, 0, 0, 0.961]",21,21,0,0,0.961,truncated,,,,
45,P-0023185-T01-IM6_P-0023185-N01-IM6,P-0023185-T01-IM6,P-0023185,Bladder Cancer,Primary,0.168290065067877,2.80184390498465,1.0,LIVING,29.063000000000002,0.0,12.3,P-0023185-T01-IM6_17_7578551_AGTACTGT_-,Splice_Site,1.0,0.24220837043633103,nan,nan,,,,,,,,,,,,,,,,,,,,,,,,,1,3.0,2.0,1.0,80668431.0,LOSS AFTER,0.17133557165118501,1.0,14,14.0,0.24220837043633126,3.1206714613934867,,,,,WILD_TYPE,1_WILD_TYPE,"[21, 21, 5, 0, 0.982]",21,21,5,0,0.982,truncated,,,,
46,P-0018862-T01-IM6_P-0018862-N01-IM6,P-0018862-T01-IM6,P-0018862,Colorectal Cancer,Metastasis,0.4009813256870399,3.16387650322503,1.0,LIVING,35.375,1.58,5.3,P-0018862-T01-IM6_17_7577506_C_A,Missense_Mutation,1.0,0.44225721784776895,p.Asp259Tyr,259,,,,,,,,,,,,,,,,,,,,,,,,,1,2.0,2.0,0.0,21694831.0,LOSS BEFORE,0.389820887906837,1.0,6,6.0,0.5305676855895196,2.205874386244831,,,,,LOSS,>=1_LOSS,"[20, 14, 7, 3, 0.984]",20,14,7,3,0.984,missense,,,,
47,P-0012448-T01-IM5_P-0012448-N01-IM5,P-0012448-T01-IM5,P-0012448,Breast Cancer,Primary,0.39137079618466997,4.36381556828544,1.0,LIVING,37.348,2.01,1.0,P-0012448-T01-IM5_17_7578394_T_C,Missense_Mutation,1.0,0.4291666666666671,p.His179Arg,179,,,,,,,,,,,,,,,,,,,,,,,,,1,2.0,2.0,0.0,21694831.0,LOSS BEFORE,0.400202155764127,1.0,1,1.0,0.42916666666666664,2.1931460949588226,,,,,LOSS,>=1_LOSS,"[22, 7, 14, 4, 0.996]",22,7,14,4,0.996,missense,,,,
48,P-0032875-T01-IM6_P-0032875-N01-IM6,P-0032875-T01-IM6,P-0032875,Breast Cancer,Metastasis,0.20128243125364398,2.18075154669714,1.0,LIVING,18.575,0.0,3.5,P-0032875-T01-IM6_17_7578442_T_C,Missense_Mutation,1.0,0.11674528301886801,p.Tyr163Cys,163,,,,,,,,,,,,,,,,,,,,,,,,,1,2.0,1.0,1.0,80668548.0,DIPLOID,1.0,-1.0,4,4.0,0.11674528301886793,1.1600146350751561,,,,,WILD_TYPE,1_WILD_TYPE,"[4, 2, 2, 0, 0.13]",4,2,2,0,0.13,missense,,,,
54,P-0004517-T01-IM5_P-0004517-N01-IM5,P-0004517-T01-IM5,P-0004517,Non-Small Cell Lung Cancer,Metastasis,0.7670145823620871,1.8818463158104302,1.0,DECEASED,20.975,2.39,13.8,P-0004517-T01-IM5_17_7578469_C_A,Missense_Mutation,1.0,0.684782608695652,p.Gly154Val,154,,,,,,,,,,,,,,,,,,,,,,,,,1,1.0,1.0,0.0,17269145.0,HETLOSS,0.7813018354146509,-1.0,15,15.0,0.7579185520361991,1.1007965039903294,,,,,LOSS,>=1_LOSS,"[12, 11, 2, 1, 0.504]",12,11,2,1,0.504,missense,,,,
55,P-0033129-T01-IM6_P-0033129-N01-IM6,P-0033129-T01-IM6,P-0033129,Non-Small Cell Lung Cancer,Metastasis,0.21913139603306603,2.8176488329319302,1.0,DECEASED,14.038,0.0,7.9,P-0033129-T01-IM6_17_7577090_C_-,Frame_Shift_Del,1.0,0.161246612466125,p.Arg283ProfsTer62,283,,,,,,,,,,,,,,,,,,,,,,,,,1,2.0,1.0,1.0,21694881.0,DIPLOID,1.0,1.0,9,9.0,0.26996805111821087,1.4716888167115365,,,,,WILD_TYPE,1_WILD_TYPE,"[21, 20, 0, 3, 0.998]",21,20,0,3,0.998,truncated,,,,
